{
  "accounts": [{
    "accountBalanceInCents": "985000",
    "accountCurrency": "EUR",
    "accountId": "748757694",
    "accountName": "Hr P L G N StellingTD",
    "accountNumber": "748757694",
    "accountType": "PAYMENT",
    "alias": "",
    "isVisible": "true",
    "iban": "NL23INGB0748757694"
  },
    {
      "accountBalanceInCents": "1000000",
      "accountCurrency": "EUR",
      "accountId": "700000027559",
      "accountName": ",",
      "accountNumber": "748757732",
      "accountType": "PAYMENT",
      "alias": "",
      "isVisible": "false",
      "iban": "NL88INGB0748757732"
    },
    {
      "accountBalanceInCents": "15000",
      "accountCurrency": "EUR",
      "accountId": "700000027559",
      "accountName": "",
      "accountNumber": "H 177-27066",
      "accountType": "SAVING",
      "alias": "GdLSAVINGSdiacrits",
      "iban": "",
      "isVisible": "true",
      "linkedAccountId": "748757694",
      "productName": "Orange account",
      "productType": "1000",
      "savingsTargetReached": "1",
      "targetAmountInCents": "2000"
    }
  ],
  "failedAccountTypes": "CREDITCARDS",
  "returnCode": "OK"
}